<?xml version = '1.0' encoding = 'UTF-8'?>
<FKIndexAssociation class="oracle.dbtools.crest.model.design.relational.FKIndexAssociation" directorySegmentName="seg_0" id="5EA5BC1C-502F-D863-D7A8-255CC447B288" containerWithKeyObject="B61E7CA5-9F56-1E5B-1D10-AEE05B107299" localFKIndex="972ADBCC-1E7C-A165-92C0-471C7E860BBA" name="TABLE_5_TABLE_4_FK">
<createdBy>ITPS</createdBy>
<createdTime>2024-04-29 05:36:46 UTC</createdTime>
<ownerDesignName>modeling</ownerDesignName>
<referredTableLongName>TABLE_4</referredTableLongName>
<deleteRule>NO ACTION</deleteRule>
<referredTableID>31591BD0-2F04-AEEB-B8F3-8B34540BB119</referredTableID>
<keyObject>6C68147E-5093-6C3C-5E40-7606F23C1E7A</keyObject>
<referredKeyID>6C68147E-5093-6C3C-5E40-7606F23C1E7A</referredKeyID>
<mandatory>true</mandatory>
<refColNames>voyagelID</refColNames>
<transferable>true</transferable>
<rely>false</rely>
<columnDependencyConstraintGenerateInDDL>true</columnDependencyConstraintGenerateInDDL>
</FKIndexAssociation>