<?xml version = '1.0' encoding = 'UTF-8'?>
<FKIndexAssociation class="oracle.dbtools.crest.model.design.relational.FKIndexAssociation" directorySegmentName="seg_0" id="62A90A41-1556-A1E7-762D-B640A0A91346" containerWithKeyObject="B61E7CA5-9F56-1E5B-1D10-AEE05B107299" localFKIndex="F9822EDC-8FF4-432A-2450-F71750D2C547" name="TABLE_5_TABLE_3_FK">
<createdBy>ITPS</createdBy>
<createdTime>2024-04-29 05:36:36 UTC</createdTime>
<ownerDesignName>modeling</ownerDesignName>
<referredTableLongName>TABLE_3</referredTableLongName>
<deleteRule>NO ACTION</deleteRule>
<referredTableID>0FD8752D-31E0-55A8-CE1E-3C4CF898932D</referredTableID>
<keyObject>E5BA02C0-CBF2-C5F4-C2A7-64138902F543</keyObject>
<referredKeyID>E5BA02C0-CBF2-C5F4-C2A7-64138902F543</referredKeyID>
<mandatory>true</mandatory>
<refColNames>shipname</refColNames>
<transferable>true</transferable>
<rely>false</rely>
<columnDependencyConstraintGenerateInDDL>true</columnDependencyConstraintGenerateInDDL>
</FKIndexAssociation>