<?xml version = '1.0' encoding = 'UTF-8'?>
<FKIndexAssociation class="oracle.dbtools.crest.model.design.relational.FKIndexAssociation" directorySegmentName="seg_0" id="CD7D0D09-8261-2F3A-8245-F6019C72C804" containerWithKeyObject="FEEB9171-14F1-FFC0-7D7D-0F9348678A5A" localFKIndex="2D738AF2-8760-7839-BB79-70ECCE63B81F" name="ownership_owner_FK">
<createdBy>ITPS</createdBy>
<createdTime>2024-04-29 03:28:00 UTC</createdTime>
<ownerDesignName>modeling</ownerDesignName>
<referredTableLongName>owner</referredTableLongName>
<deleteRule>NO ACTION</deleteRule>
<referredTableID>1862738D-014A-8483-FE5D-51B270A68AEF</referredTableID>
<keyObject>E040EC96-62E6-428F-E40A-DF10A28EB676</keyObject>
<referredKeyID>E040EC96-62E6-428F-E40A-DF10A28EB676</referredKeyID>
<mandatory>true</mandatory>
<refColNames>o_id</refColNames>
<transferable>true</transferable>
<rely>false</rely>
<columnDependencyConstraintGenerateInDDL>true</columnDependencyConstraintGenerateInDDL>
</FKIndexAssociation>