<?xml version = '1.0' encoding = 'UTF-8'?>
<FKIndexAssociation class="oracle.dbtools.crest.model.design.relational.FKIndexAssociation" directorySegmentName="seg_0" id="8586731F-7486-837A-A4EF-10BC1FABCF1E" containerWithKeyObject="46C16D72-09E1-72D0-C290-B99F658C8DE3" localFKIndex="CCE64312-FC0E-163B-4AB9-F49EB45D5813" name="student_major_FK">
<createdBy>ITPS</createdBy>
<createdTime>2024-05-02 00:40:10 UTC</createdTime>
<ownerDesignName>대학 데이터베이스 물리모델링</ownerDesignName>
<referredTableLongName>major</referredTableLongName>
<deleteRule>NO ACTION</deleteRule>
<referredTableID>A6B7C04E-57EC-6975-D54A-0B9883D3FEFB</referredTableID>
<keyObject>7F26745C-2EC2-D456-77DF-0691CD176705</keyObject>
<referredKeyID>7F26745C-2EC2-D456-77DF-0691CD176705</referredKeyID>
<mandatory>true</mandatory>
<refColNames>major_id</refColNames>
<transferable>true</transferable>
<rely>false</rely>
<columnDependencyConstraintGenerateInDDL>true</columnDependencyConstraintGenerateInDDL>
</FKIndexAssociation>