<?xml version = '1.0' encoding = 'UTF-8'?>
<relationalModel class="oracle.dbtools.crest.model.design.relational.RelationalDesign" name="부동산 데이터베이스 물리 모델링" id="FFDC4899-D396-4A80-260F-E9E7D3A719DB" mainViewID="B99E2B26-143A-AD2A-E0E5-7930AC9D18E6">
<createdBy>ITPS</createdBy>
<createdTime>2024-04-29 03:19:05 UTC</createdTime>
<ownerDesignName>modeling</ownerDesignName>
<shouldBeOpen>false</shouldBeOpen>
<selectedRDBMSSite>32076570-2523-435C-2E92-BF29817DFF70</selectedRDBMSSite>
</relationalModel>