<?xml version = '1.0' encoding = 'UTF-8'?>
<Table class="oracle.dbtools.crest.model.design.relational.Table" directorySegmentName="seg_0" id="29C52AF0-E68A-C447-42DB-76466AFC3A51" name="application">
<createdBy>ITPS</createdBy>
<createdTime>2024-05-02 00:39:48 UTC</createdTime>
<ownerDesignName>대학 데이터베이스 물리모델링</ownerDesignName>
<ordsAlias>table_5</ordsAlias>
<allowColumnReorder>false</allowColumnReorder>
<existDependencyGenerateInDDl>true</existDependencyGenerateInDDl>
<parsed>true</parsed>
<columns itemClass="oracle.dbtools.crest.model.design.relational.Column">
<Column name="student_stu_id" id="BDF64FCF-7478-4742-260C-6AFDF88C5721">
<createdBy>ITPS</createdBy>
<createdTime>2024-05-02 00:40:42 UTC</createdTime>
<ownerDesignName>대학 데이터베이스 물리모델링</ownerDesignName>
<useDomainConstraints>false</useDomainConstraints>
<use>1</use>
<logicalDatatype>LOGDT019</logicalDatatype>
<ownDataTypeParameters>,,</ownDataTypeParameters>
<previousColumn>false</previousColumn>
<autoIncrementCycle>false</autoIncrementCycle>
<associations>
<colAssociation fkAssociation="76B82B97-AD14-932F-96DD-26BD4F11D5BE" referredColumn="52D3552B-F720-5F30-569E-477097F8ABAA"/>
</associations>
</Column>
<Column name="class_class_id" id="A80166F9-6C8D-4328-8421-A4646933C67F">
<createdBy>ITPS</createdBy>
<createdTime>2024-05-02 00:43:43 UTC</createdTime>
<ownerDesignName>대학 데이터베이스 물리모델링</ownerDesignName>
<useDomainConstraints>false</useDomainConstraints>
<use>1</use>
<logicalDatatype>LOGDT019</logicalDatatype>
<ownDataTypeParameters>,,</ownDataTypeParameters>
<previousColumn>false</previousColumn>
<autoIncrementCycle>false</autoIncrementCycle>
<associations>
<colAssociation fkAssociation="5D1D46C7-FFFB-C49A-ABEA-FA9DAFB38D25" referredColumn="1B43757B-F765-5E83-F4A5-F97E436AF52C"/>
</associations>
</Column>
</columns>
<indexes itemClass="oracle.dbtools.crest.model.design.relational.Index">
<ind_PK_UK id="E6420251-C2AD-FCFF-EB56-AC5EB47E8319" name="application_student_FK">
<createdBy>ITPS</createdBy>
<createdTime>2024-05-02 00:40:42 UTC</createdTime>
<ownerDesignName>대학 데이터베이스 물리모델링</ownerDesignName>
<indexState>Foreign Key</indexState>
<isSurrogateKey>false</isSurrogateKey>
<indexColumnUsage>
<colUsage columnID="BDF64FCF-7478-4742-260C-6AFDF88C5721"/>
</indexColumnUsage>
</ind_PK_UK>
<ind_PK_UK id="40CCD824-3E81-4C2A-173B-3D68DBF9B3A3" name="application_class_FK">
<createdBy>ITPS</createdBy>
<createdTime>2024-05-02 00:43:43 UTC</createdTime>
<ownerDesignName>대학 데이터베이스 물리모델링</ownerDesignName>
<indexState>Foreign Key</indexState>
<isSurrogateKey>false</isSurrogateKey>
<indexColumnUsage>
<colUsage columnID="A80166F9-6C8D-4328-8421-A4646933C67F"/>
</indexColumnUsage>
</ind_PK_UK>
</indexes>
</Table>