<?xml version = '1.0' encoding = 'UTF-8'?>
<Table class="oracle.dbtools.crest.model.design.relational.Table" directorySegmentName="seg_0" id="A6B7C04E-57EC-6975-D54A-0B9883D3FEFB" name="major">
<createdBy>ITPS</createdBy>
<createdTime>2024-05-02 00:38:20 UTC</createdTime>
<ownerDesignName>대학 데이터베이스 물리모델링</ownerDesignName>
<ordsAlias>table_3</ordsAlias>
<allowColumnReorder>false</allowColumnReorder>
<existDependencyGenerateInDDl>true</existDependencyGenerateInDDl>
<parsed>true</parsed>
<columns itemClass="oracle.dbtools.crest.model.design.relational.Column">
<Column name="major_id" id="3A56B75F-7A2F-F31D-1A8A-F9ABE30E23EF">
<createdBy>ITPS</createdBy>
<createdTime>2024-05-02 00:38:45 UTC</createdTime>
<ownerDesignName>대학 데이터베이스 물리모델링</ownerDesignName>
<useDomainConstraints>false</useDomainConstraints>
<use>1</use>
<logicalDatatype>LOGDT019</logicalDatatype>
<ownDataTypeParameters>,,</ownDataTypeParameters>
<autoIncrementCycle>false</autoIncrementCycle>
</Column>
<Column name="major_name" id="636CFDB2-5AEF-C5FC-20A7-752962505D0D">
<createdBy>ITPS</createdBy>
<createdTime>2024-05-02 00:38:45 UTC</createdTime>
<ownerDesignName>대학 데이터베이스 물리모델링</ownerDesignName>
<nullsAllowed>true</nullsAllowed>
<useDomainConstraints>false</useDomainConstraints>
<use>1</use>
<logicalDatatype>LOGDT024</logicalDatatype>
<ownDataTypeParameters>,,</ownDataTypeParameters>
<autoIncrementCycle>false</autoIncrementCycle>
</Column>
</columns>
<indexes itemClass="oracle.dbtools.crest.model.design.relational.Index">
<ind_PK_UK id="7F26745C-2EC2-D456-77DF-0691CD176705" name="major_PK">
<createdBy>ITPS</createdBy>
<createdTime>2024-05-02 00:38:45 UTC</createdTime>
<ownerDesignName>대학 데이터베이스 물리모델링</ownerDesignName>
<pk>true</pk>
<indexState>Primary Constraint</indexState>
<isSurrogateKey>false</isSurrogateKey>
<indexColumnUsage>
<colUsage columnID="3A56B75F-7A2F-F31D-1A8A-F9ABE30E23EF"/>
</indexColumnUsage>
</ind_PK_UK>
</indexes>
</Table>