<?xml version = '1.0' encoding = 'UTF-8'?>
<FKIndexAssociation class="oracle.dbtools.crest.model.design.relational.FKIndexAssociation" directorySegmentName="seg_0" id="4C015868-A8ED-B829-3738-92C78202F712" containerWithKeyObject="87AF08DE-48BF-6AF3-DB4C-5AB83445CC89" localFKIndex="4A8D0544-AA79-5BAE-F04E-F9F20F2795B2" name="TABLE_1_TABLE_3_FK">
<createdBy>ITPS</createdBy>
<createdTime>2024-04-29 05:42:54 UTC</createdTime>
<ownerDesignName>modeling</ownerDesignName>
<referredTableLongName>TABLE_3</referredTableLongName>
<deleteRule>NO ACTION</deleteRule>
<referredTableID>BBCBB189-A533-164C-3C9C-8DD6AB2E3455</referredTableID>
<keyObject>4DE6F9C3-B1BF-4F2D-4FC5-B183C802550D</keyObject>
<referredKeyID>4DE6F9C3-B1BF-4F2D-4FC5-B183C802550D</referredKeyID>
<mandatory>true</mandatory>
<refColNames>booktype</refColNames>
<transferable>true</transferable>
<rely>false</rely>
<columnDependencyConstraintGenerateInDDL>true</columnDependencyConstraintGenerateInDDL>
</FKIndexAssociation>